guest,category,Adin Live,FLAGRANT,FULL SEND PODCAST,IMPAULSIVE,Lex Fridman,PBD Podcast,PowerfulJRE,Shawn Ryan Show,Theo Von,views_sum,no_of_channels,is_a_woman
Donald Trump,Politician,1,1,1,1,1,1,1,1,1,113617973.0,9,FALSE
Andrew Tate,Influencer,1,0,1,0,0,1,0,0,0,80629048.0,3,FALSE
Tucker Carlson,Political Pundit,0,0,1,0,1,0,1,1,1,49009849.0,5,FALSE
Elon Musk,Politician,0,0,0,0,1,0,1,0,0,38437385.0,2,FALSE
Shane Gillis,Comedian,0,1,0,0,0,0,1,0,1,32825625.0,3,FALSE
JD Vance,Politician,0,0,1,0,0,0,1,1,1,27415223.0,4,FALSE
Ben Shapiro,Political Pundit,0,0,1,0,1,0,0,0,0,25578619.0,2,FALSE
Dana White,Athlete,1,1,1,0,1,0,0,0,1,25429574.0,5,FALSE
Katt Williams,Comedian,0,0,0,0,0,0,1,0,0,23802334.0,1,FALSE
Kai Cenat,Influencer,1,0,1,0,0,0,0,0,0,22535037.0,2,FALSE
Jake Paul,Influencer,1,0,1,1,0,0,0,0,0,21263319.0,3,FALSE
Graham Hancock,Other,0,1,0,0,1,1,1,0,0,20741522.0,4,FALSE
iShowSpeed,Influencer,1,0,1,1,0,0,0,0,0,18974496.0,3,FALSE
Destiny,Political Pundit,1,0,0,0,1,1,0,0,0,18594029.0,3,FALSE
Terrence Howard,Celebrity,0,0,0,0,0,0,1,0,0,18032190.0,1,FALSE
Bobby Lee,Comedian,0,0,0,1,0,0,1,0,1,17909260.0,3,FALSE
Paul Rosolie,Other,0,0,0,0,1,0,1,0,0,16632899.0,2,FALSE
Joey Diaz,Comedian,0,1,0,0,0,0,1,0,1,16342789.0,3,FALSE
Dave Smith,Political Pundit,0,1,0,0,0,1,1,0,0,16214597.0,3,FALSE
KSI,Influencer,1,0,0,1,0,0,0,0,1,15178624.0,3,FALSE
George Janko,Influencer,0,0,0,1,0,1,0,0,0,14490583.0,2,FALSE
Druski,Comedian,0,1,0,0,0,0,0,0,1,14490252.0,2,FALSE
Tim Dillon,Comedian,0,1,0,0,0,1,1,0,1,14123082.0,4,FALSE
Theo Von,Comedian,0,0,1,0,0,0,1,0,0,13605162.0,2,FALSE
Jordan Peterson,Influencer,0,0,1,0,1,0,1,1,1,13254684.0,5,FALSE
Michael Franzese,Other,0,0,0,0,0,1,0,0,0,12493824.0,1,FALSE
Michael Franzese,Other,0,0,0,0,0,1,0,0,0,12493824.0,1,FALSE
David Kipping,Intellectual,0,0,0,0,1,1,0,0,0,12144033.0,2,FALSE
RFK Jr.,Politician,0,1,1,0,1,1,1,1,1,11536660.0,7,FALSE
N3on,Influencer,1,0,0,0,0,0,0,0,0,11434127.0,1,FALSE
Billy Carson,Other,0,1,0,0,0,1,1,1,0,11344501.0,4,FALSE
Louis C.K.,Comedian,0,0,0,0,0,0,1,0,1,10489825.0,2,FALSE
Neil deGrasse Tyson,Intellectual,0,0,0,0,0,1,1,0,1,10417917.0,3,FALSE
Coffeezilla,Influencer,0,0,0,0,1,0,1,0,0,10221622.0,2,FALSE
Candace Owens,Political Pundit,1,0,1,0,0,1,0,0,0,10212667.0,3,TRUE
Sean O'Malley,Athlete,1,1,1,1,0,1,0,0,0,10191136.0,5,FALSE
Adin Ross,Influencer,0,0,1,0,0,0,0,0,0,10057307.0,1,FALSE
Dillon Danis,Athlete,1,1,1,0,0,0,0,0,0,9747277.0,3,FALSE
Jeff Wittek,Influencer,0,0,0,1,0,0,0,0,0,9745074.0,1,FALSE
Stavros Halkias,Comedian,0,0,0,0,0,0,1,0,1,9704603.0,2,FALSE
Vivek Ramaswamy,Politician,0,1,1,0,1,1,0,1,0,9690987.0,5,FALSE
Israel Adesanya,Athlete,0,1,0,1,0,0,0,0,1,9531680.0,3,FALSE
Matt McCusker,Comedian,0,0,0,0,0,0,1,0,1,9320597.0,2,FALSE
Ryan Montgomery,Intellectual,0,0,0,0,0,1,0,1,0,9315540.0,2,FALSE
Ari Shaffir,Comedian,0,1,0,0,0,0,1,0,1,9190550.0,3,FALSE
Sam Altman,Other,0,0,0,0,1,0,1,0,0,9142756.0,2,FALSE
DJ Akademiks,Influencer,1,1,1,0,0,0,0,0,0,9081621.0,3,FALSE
Steven Greer,Other,0,0,0,0,0,1,0,1,0,8995896.0,2,FALSE
That Mexican OT,Celebrity,1,1,0,0,0,0,1,0,0,8883520.0,3,FALSE
Andrew Bustamante,Other,0,1,0,0,0,0,0,1,0,8699361.0,2,FALSE
Mark Normand,Comedian,0,0,0,0,0,0,1,0,1,8171719.0,2,FALSE
Matthew MacDougall,Other,0,0,0,0,1,0,0,0,0,8026346.0,1,FALSE
Matthew MacDougall,Other,0,0,0,0,1,0,0,0,0,8026346.0,1,FALSE
Yeonmi Park,Political Pundit,0,1,0,0,0,1,0,1,0,7991710.0,3,TRUE
Duncan Trussell,Comedian,0,0,0,0,0,0,1,0,1,7927472.0,2,FALSE
Adam Sandler,Celebrity,0,0,0,0,0,0,1,0,0,7911944.0,1,FALSE
Eric Weinstein,Other,0,0,0,0,0,0,1,0,0,7825816.0,1,FALSE
John Mearsheimer,Intellectual,0,0,0,0,1,0,0,0,0,7714638.0,1,FALSE
Tristan Tate,Influencer,0,0,0,0,0,1,0,0,0,7609965.0,1,FALSE
Sneako,Influencer,1,0,0,0,0,0,0,0,0,7424795.0,1,FALSE
Alex Jones,Political Pundit,0,0,0,0,0,1,0,0,0,7359576.0,1,FALSE
Andrew Schulz,Comedian,0,0,0,0,0,1,1,0,0,7153020.0,2,FALSE
Ryan Garcia,Athlete,1,0,1,1,0,1,0,0,0,6979546.0,4,FALSE
Sean Strickland,Athlete,0,0,1,0,0,0,0,0,1,6908833.0,2,FALSE
Chael Sonnen,Athlete,0,1,0,0,0,1,0,0,0,6836338.0,2,FALSE
Andrew Santino,Comedian,0,1,0,1,0,0,1,0,1,6433654.0,4,FALSE
Sgt. Brad White,Other,0,0,0,0,0,0,0,0,1,6416373.0,1,FALSE
Dominik Tarczyński,Politician,0,0,0,0,0,1,0,0,0,6395246.0,1,FALSE
Bob Menery,Influencer,0,0,1,0,0,0,0,0,0,6344781.0,1,FALSE
Lil Yachty,Celebrity,0,1,1,0,0,0,0,0,0,6326842.0,2,FALSE
Flint Dibble,Intellectual,0,0,0,0,0,0,1,0,0,6247985.0,1,FALSE
Ricardo Aguilar,Other,0,0,0,0,0,1,0,0,0,6209373.0,1,FALSE
Chris Cuomo,Political Pundit,0,0,0,0,0,1,0,0,0,6123608.0,1,FALSE
Jelly Roll,Celebrity,0,1,1,1,0,0,1,0,1,6110778.0,5,FALSE
Andrew Huberman,Intellectual,0,1,0,0,1,0,1,0,0,6039974.0,3,FALSE
Bert Kreischer,Comedian,0,1,0,1,1,0,1,0,0,5925857.0,4,FALSE
Emily Austin,Political Pundit,0,0,0,0,0,1,0,0,0,5855331.0,1,TRUE
Tom Segura,Comedian,0,0,0,0,0,0,1,0,1,5810123.0,2,FALSE
MrBeast,Influencer,0,0,0,1,1,0,0,0,0,5791800.0,2,FALSE
Dave Portnoy,Other,0,1,0,1,0,0,1,0,1,5782520.0,4,FALSE
Bassem Youssef,Comedian,0,0,0,0,1,1,0,0,1,5701335.0,3,FALSE
Post Malone,Celebrity,0,0,0,0,0,0,1,0,1,5691836.0,2,FALSE
Dennis Whyte,Intellectual,0,0,0,0,1,0,0,0,0,5545515.0,1,FALSE
Matt Walsh,Political Pundit,0,0,1,0,0,0,1,0,0,5527000.0,2,FALSE
Mark Mitchell,Political Pundit,0,0,0,0,0,1,0,0,0,5514415.0,1,FALSE
Lil Pump,Celebrity,0,0,0,0,0,1,0,0,0,5514415.0,1,FALSE
Vince Everett Ellison,Political Pundit,0,0,0,0,0,1,0,0,0,5514415.0,1,FALSE
Salvatore Gravano,Other,0,0,0,0,0,1,0,0,0,5514415.0,1,FALSE
Jorge Masvidal,Athlete,0,0,0,0,0,1,0,0,0,5514415.0,1,FALSE
Tulsi Gabbard,Politician,0,0,0,0,1,1,1,1,0,5474916.0,4,TRUE
Corinna Kopf,Influencer,1,0,0,0,0,0,0,0,0,5468809.0,1,TRUE
Bernie Sanders,Politician,0,0,0,0,1,0,0,0,1,5446930.0,2,FALSE
Trevor Wallace,Comedian,0,1,0,0,0,0,0,0,1,5413139.0,2,FALSE
Hulk Hogan,Athlete,0,0,1,1,0,1,0,0,1,5286549.0,4,FALSE
Ice Cube,Celebrity,0,0,1,1,0,1,1,0,0,5279917.0,4,FALSE
Ben van Kerkwyk,Influencer,0,1,0,0,0,0,1,0,0,5258253.0,2,FALSE
JiDion,Influencer,1,1,0,0,0,0,0,0,0,5210659.0,2,FALSE
Pam Stepnick,Other,0,0,0,1,0,0,0,0,0,5172625.0,1,TRUE
Dan Soder,Comedian,0,0,0,0,0,0,1,0,0,5083317.0,1,FALSE
Noland Arbaugh,Influencer,0,0,0,0,1,0,1,0,0,5052667.0,2,FALSE
Suge Knight,Celebrity,0,0,0,0,0,1,0,0,0,4937536.0,1,FALSE
Sal Vulcano,Comedian,0,0,0,0,0,0,1,0,1,4934157.0,2,FALSE
Patrick Bet-David,Influencer,0,1,1,0,0,0,0,0,0,4882552.0,2,FALSE
James Sexton,Other,0,0,0,0,1,0,0,0,0,4871160.0,1,FALSE
Jeff Bezos,Other,0,0,0,0,1,0,0,0,0,4829774.0,1,FALSE
xQc,Influencer,1,0,0,1,0,0,0,0,0,4748508.0,2,FALSE
Mark Zuckerberg,Other,0,0,0,0,1,0,0,0,0,4744969.0,1,FALSE
Mark Cuban,Celebrity,0,1,0,1,1,0,0,0,1,4743945.0,4,FALSE
Gregory Aldrete,Intellectual,0,0,0,0,1,0,0,0,0,4727832.0,1,FALSE
Cliffe Knechtle,Influencer,0,0,0,1,0,1,0,0,0,4717356.0,2,FALSE
Rice Gum,Influencer,1,0,1,0,0,0,0,0,0,4709480.0,2,FALSE
Michael Malice,Political Pundit,0,1,0,0,1,1,1,0,0,4662408.0,4,FALSE
Stephen A. Smith,Celebrity,0,1,1,0,0,1,0,0,0,4622938.0,3,FALSE
Annie Jacobsen,Intellectual,0,0,0,0,1,0,1,1,0,4597776.0,3,TRUE
Gene Deal,Other,0,0,0,0,0,1,0,0,0,4588621.0,1,FALSE
Jeffrey Levin,Influencer,0,0,0,1,0,0,0,0,0,4557111.0,1,FALSE
Adam22,Influencer,1,0,0,0,0,0,0,0,0,4513593.0,1,FALSE
LenaThePlug,Influencer,1,0,0,0,0,0,0,0,0,4513593.0,1,TRUE
Kyle Forgeard,Influencer,1,0,0,0,0,0,0,0,1,4331164.0,2,FALSE
Brittany Broski,Influencer,0,0,0,0,0,0,0,0,1,4313357.0,1,TRUE
OJ Simpson,Athlete,0,0,1,0,0,0,0,0,0,4244672.0,1,FALSE
Russell Crowe,Celebrity,0,0,0,0,0,0,1,0,0,4210179.0,1,FALSE
Michael Herrera,Other,0,0,0,0,0,0,0,1,0,4187565.0,1,FALSE
Sketch,Influencer,1,0,0,0,0,0,0,0,1,4071060.0,2,FALSE
Bronny,Athlete,1,0,0,0,0,0,0,0,0,4021438.0,1,FALSE
Bliss Chapman,Other,0,0,0,0,1,0,0,0,0,4013173.0,1,FALSE
DJ Seo,Other,0,0,0,0,1,0,0,0,0,4013173.0,1,FALSE
Sexxy Red,Celebrity,1,0,0,0,0,0,0,0,1,3974930.0,2,TRUE
Maclin Bilski,Influencer,0,0,0,1,0,0,0,0,0,3967112.0,1,FALSE
Kevin James,Comedian,0,0,0,0,0,0,1,0,0,3951413.0,1,FALSE
Bret Weinstein,Other,0,0,0,0,0,1,1,0,0,3916670.0,2,FALSE
John Mulaney,Comedian,0,0,0,0,0,0,0,0,1,3912195.0,1,FALSE
Wayne Owen,Other,0,0,0,0,0,0,0,0,1,3911137.0,1,FALSE
Kevin Hart,Celebrity,0,0,0,1,0,0,0,0,0,3897077.0,1,FALSE
$uicideboy$,Celebrity,0,0,0,0,0,0,0,0,1,3828281.0,1,FALSE
Erling Haaland,Athlete,0,0,0,1,0,0,0,0,0,3815882.0,1,FALSE
Charlamagne Tha God,Celebrity,0,1,0,0,0,0,0,0,0,3765768.0,1,FALSE
Erik Prince,Other,0,0,0,0,0,1,0,1,0,3671297.0,2,FALSE
Konstantin Kisin,Political Pundit,0,0,0,0,0,1,1,0,0,3666503.0,2,FALSE
Tony Hinchcliffe,Comedian,0,0,0,0,0,0,1,0,0,3661406.0,1,FALSE
Shawn Ryan,Other,0,0,0,0,0,0,1,0,0,3661300.0,1,FALSE
Randall Carlson,Influencer,0,0,0,0,0,1,1,1,0,3625510.0,3,FALSE
Casey Neistat,Influencer,0,1,0,1,0,0,0,0,0,3610395.0,2,FALSE
Jimmy Corsetti,Influencer,0,0,0,0,0,0,1,0,0,3577582.0,1,FALSE
Nick Irving,Other,0,0,0,0,0,1,0,1,0,3545142.0,2,FALSE
Edward Frenkel,Intellectual,0,0,0,0,1,0,0,0,0,3530202.0,1,FALSE
Norman Finkelstein,Political Pundit,0,0,0,0,1,0,0,0,0,3522707.0,1,FALSE
Benny Morris,Intellectual,0,0,0,0,1,0,0,0,0,3522707.0,1,FALSE
Mike Rowe,Celebrity,0,0,0,0,0,1,0,0,1,3517202.0,2,TRUE
Chris Tarbell,Other,0,0,0,0,1,0,0,0,0,3513368.0,1,FALSE
Al Weezy,Influencer,1,0,0,0,0,0,0,0,0,3513318.0,1,TRUE
Stuart Knechtle,Other,0,0,0,1,0,0,0,0,0,3500768.0,1,FALSE
Joe McMoneagle,Other,0,0,0,0,0,0,0,1,0,3487522.0,1,FALSE
Javier Milei,Politician,0,0,0,0,1,0,0,0,0,3432504.0,1,FALSE
Jimmy Dore,Political Pundit,0,0,0,0,0,1,1,0,0,3370397.0,2,FALSE
Ed Barnhart,Intellectual,0,0,0,0,1,0,0,0,0,3359106.0,1,FALSE
Soulja Boy,Celebrity,1,0,0,0,0,0,0,0,0,3351629.0,1,FALSE
Khabib Nurmagomedov,Athlete,0,0,0,0,0,1,0,0,0,3280258.0,1,FALSE
Greg Paul,Influencer,0,0,0,1,0,0,0,0,0,3277982.0,1,FALSE
Tom Satterly,Other,0,0,0,0,0,0,0,1,0,3268095.0,1,FALSE
Sean Carroll,Intellectual,0,0,0,0,1,0,0,0,0,3260874.0,1,FALSE
Chris Bumstead,Athlete,0,0,1,0,0,1,0,0,0,3228550.0,2,FALSE
Ralph Barbosa,Comedian,0,1,0,0,0,0,1,0,0,3226178.0,2,FALSE
Francis Foster,Comedian,0,0,0,0,0,0,1,0,0,3180789.0,1,FALSE
Caryn Marjorie,Influencer,0,0,1,0,0,0,0,0,0,3163434.0,1,TRUE
Omar Suleiman,Political Pundit,0,0,0,0,1,0,0,0,0,3159591.0,1,FALSE
Abella Danger,Influencer,0,0,1,0,0,0,0,0,0,3151937.0,1,TRUE
Nadia,Influencer,1,0,0,0,0,0,0,0,0,3141827.0,1,TRUE
Chris VanSant,Other,0,0,0,0,0,0,0,1,0,3102980.0,1,FALSE
Riley Gaines,Political Pundit,0,0,0,0,0,0,1,0,0,3076606.0,1,TRUE
Aaron Smith-Levin,Other,0,0,0,0,1,0,0,0,0,3075917.0,1,FALSE
Jason Williams,Athlete,0,1,0,0,0,0,0,0,0,3042733.0,1,FALSE
Rey Mysterio,Athlete,0,0,0,1,0,0,0,0,0,3017195.0,1,FALSE
Sarah Adams,Other,0,0,0,0,0,0,0,1,0,2987361.0,1,TRUE
Charleston White,Influencer,1,0,0,0,0,0,0,0,0,2974092.0,1,FALSE
"Bob ""Ninja"" Poras",Other,0,0,0,0,0,0,0,1,0,2966211.0,1,FALSE
Polo G,Celebrity,0,0,1,0,0,0,0,0,0,2937953.0,1,FALSE
Chris Brown,Celebrity,1,0,0,0,0,0,0,0,0,2894769.0,1,FALSE
Alex Volkanovski,Athlete,0,1,1,1,0,0,0,0,0,2888113.0,3,FALSE
Ric Flair,Athlete,0,0,1,0,0,0,0,0,1,2871977.0,2,FALSE
Paul Conti,Intellectual,0,0,0,0,1,0,0,0,0,2869064.0,1,FALSE
Eric Hecker,Other,0,0,0,0,0,1,0,1,0,2867814.0,2,FALSE
Caleb Pressley,Influencer,0,0,0,0,0,0,0,0,1,2849244.0,1,FALSE
Chris Distefano,Comedian,0,1,0,0,0,0,1,0,0,2828202.0,2,FALSE
Donald Trump Jr.,Politician,0,0,1,0,0,0,0,0,0,2823380.0,1,FALSE
Kevin Durant,Athlete,0,0,0,1,0,0,0,0,0,2775928.0,1,FALSE
Vitaly,Influencer,1,0,0,0,0,0,0,0,0,2774536.0,1,FALSE
Luis Elizondo,Other,0,0,0,0,0,1,1,0,0,2773677.0,2,FALSE
Christian Craighead,Other,0,0,0,0,0,0,0,1,0,2766399.0,1,FALSE
Duke Dennis,Influencer,1,0,0,0,0,0,0,0,0,2760967.0,1,FALSE
Georges St-Pierre,Athlete,0,0,1,0,0,0,0,0,1,2745950.0,2,FALSE
Mike Majlak,Influencer,1,0,1,0,0,1,0,0,0,2742582.0,3,FALSE
Mike Tyson,Athlete,0,0,0,1,0,1,0,0,0,2741939.0,2,FALSE
Brian Cox,Intellectual,0,0,0,0,0,0,1,0,0,2731958.0,1,FALSE
Chamath Palihapitiya,Other,0,0,0,0,1,0,1,0,0,2730243.0,2,FALSE
Brianna Chickenfry,Influencer,0,0,0,0,0,0,0,0,1,2705701.0,1,TRUE
George Kittle,Athlete,0,0,0,0,0,0,0,0,1,2693180.0,1,FALSE
21 Savage,Celebrity,1,0,0,0,0,0,0,0,0,2677936.0,1,FALSE
John Cena,Celebrity,0,0,0,1,0,0,0,0,0,2672981.0,1,FALSE
Metro Boomin,Celebrity,0,0,1,0,0,0,0,0,0,2618380.0,1,FALSE
Johnny Mitchell,Comedian,0,1,0,0,0,0,0,0,0,2607907.0,1,FALSE
Kid Rock,Celebrity,0,0,0,0,0,0,1,0,1,2602768.0,2,FALSE
Todd Howard,Other,0,0,0,0,1,0,0,0,0,2599887.0,1,FALSE
John Vervaeke,Intellectual,0,0,0,0,0,0,0,0,1,2568082.0,1,FALSE
Kamaru Usman,Athlete,0,1,1,0,0,1,0,0,0,2555020.0,3,FALSE
Charlie Kirk,Political Pundit,0,0,0,0,0,1,0,0,0,2540893.0,1,FALSE
Russ,Celebrity,0,1,0,0,0,0,0,0,0,2540804.0,1,FALSE
Fousey,Influencer,1,0,0,0,0,0,0,0,0,2535701.0,1,FALSE
Cody Rhodes,Athlete,0,1,0,1,0,0,0,0,0,2533224.0,2,FALSE
Andrew Strominger,Intellectual,0,0,0,0,1,0,0,0,0,2476698.0,1,FALSE
Kristin Beck,Other,0,0,0,0,0,0,0,1,0,2432996.0,1,FALSE
Courtney Duet,Other,0,0,0,0,0,0,0,1,0,2432996.0,1,TRUE
Tydus Talbott,Influencer,0,0,0,1,0,0,0,0,0,2426040.0,1,FALSE
Radio Rahim,Influencer,0,0,0,1,0,0,0,0,0,2426040.0,1,FALSE
FaZe Banks,Influencer,1,0,0,1,0,0,0,0,0,2425288.0,2,FALSE
Shannon Curry,Intellectual,0,0,0,0,1,0,0,0,0,2418854.0,1,FALSE
Action Bronson,Celebrity,0,1,0,0,0,0,1,0,0,2417475.0,2,FALSE
Craig Jones,Athlete,0,1,0,0,1,0,0,0,0,2384815.0,2,FALSE
Adam Devine,Comedian,0,0,0,0,0,0,0,0,1,2353766.0,1,FALSE
Saagar Enjeti,Political Pundit,0,1,0,0,0,0,0,0,0,2343108.0,1,FALSE
Playboi Carti,Celebrity,1,0,0,0,0,0,0,0,0,2336501.0,1,FALSE
Fiona Hill,Politician,0,0,0,0,1,0,0,0,0,2327586.0,1,FALSE
Tony Cowden,Other,0,0,0,0,0,0,0,1,0,2325055.0,1,FALSE
Jim Gaffigan,Comedian,0,0,0,0,0,0,1,0,1,2311585.0,2,FALSE
Tim Pool,Political Pundit,0,0,0,0,0,1,0,0,0,2278793.0,1,FALSE
Tim Kennedy,Athlete,0,0,0,0,0,0,1,1,0,2245706.0,2,FALSE
Peter Dinklage,Celebrity,0,1,0,0,0,0,0,0,0,2236770.0,1,FALSE
Jeremy Corbell,Other,0,0,0,0,0,0,1,0,0,2233716.0,1,FALSE
George Knapp,Other,0,0,0,0,0,0,1,0,0,2233716.0,1,FALSE
Kat Von D,Celebrity,0,0,0,0,0,0,0,0,1,2233465.0,1,TRUE
Andrew Callaghan,Influencer,0,0,0,0,1,0,0,0,0,2223363.0,1,FALSE
"Mark ""Oz"" Geist",Other,0,0,0,0,0,0,0,1,0,2220745.0,1,FALSE
Pieter Levels,Other,0,0,0,0,1,0,0,0,0,2160492.0,1,FALSE
Dave Ramsey,Other,0,0,0,0,0,0,0,0,1,2155731.0,1,FALSE
Yuval Noah Harari,Intellectual,0,0,0,0,1,0,0,0,0,2144933.0,1,FALSE
Joe Kent,Politician,0,0,0,0,0,0,0,1,0,2136020.0,1,FALSE
Don Graves,Politician,0,0,0,0,0,0,0,1,0,2114284.0,1,FALSE
Dr. Phil,Celebrity,0,0,1,0,0,0,1,0,0,2112837.0,2,FALSE
Rhea Ripley,Athlete,0,0,0,1,0,0,0,0,0,2088327.0,1,TRUE
Jynxzi,Influencer,1,0,1,0,0,0,0,0,0,2081412.0,2,FALSE
Eliezer Yudkowsky,Intellectual,0,0,0,0,1,0,0,0,0,2069624.0,1,FALSE
Randy Orton,Athlete,0,0,0,1,0,0,0,0,0,2068422.0,1,FALSE
Izi Prime,Influencer,1,0,0,0,0,0,0,0,0,2066487.0,1,FALSE
Tony Robbins,Other,0,0,0,0,0,0,0,0,1,2062379.0,1,FALSE
Dallas Alexander,Other,0,0,0,0,0,0,0,1,0,2059359.0,1,FALSE
Bill Ackman,Other,0,0,0,0,1,0,0,0,0,2055330.0,1,FALSE
Funny Marco,Influencer,0,0,0,0,0,0,0,0,1,2033662.0,1,FALSE
Canelo Alvarez,Athlete,0,0,1,0,0,0,0,0,0,2023799.0,1,FALSE
Dax Shepard,Celebrity,0,1,0,0,0,0,0,0,1,2018166.0,2,FALSE
Megyn Kelly,Political Pundit,0,0,0,0,0,0,0,1,0,2010523.0,1,TRUE
Jeffrey Long,Intellectual,0,0,0,0,0,0,0,0,1,2004242.0,1,FALSE
Eddie Penney,Other,0,0,0,0,0,0,0,1,0,1999305.0,1,FALSE
Mike Baker,Other,0,0,0,0,0,1,1,0,0,1984068.0,2,FALSE
The Black Keys,Celebrity,0,0,0,0,0,0,1,0,0,1981702.0,1,FALSE
Jared Kushner,Politician,0,0,0,0,1,0,0,0,0,1975734.0,1,FALSE
Chris Lattner,Intellectual,0,0,0,0,1,0,0,0,0,1956151.0,1,FALSE
Josh Brolin,Celebrity,0,0,0,0,0,0,1,0,0,1944915.0,1,FALSE
Chris Clem,Other,0,0,0,0,0,0,0,0,1,1944490.0,1,FALSE
MTV Jesse,Influencer,0,0,1,0,0,0,0,0,0,1934301.0,1,FALSE
Yung Gravy,Celebrity,0,0,0,1,0,0,0,0,1,1928278.0,2,FALSE
Dan Richards,Other,0,0,0,0,0,0,1,0,0,1910837.0,1,FALSE
Nate Diaz,Athlete,0,0,1,0,0,0,0,0,0,1895781.0,1,FALSE
Amy Dangerfield,Influencer,0,0,0,0,0,1,0,0,0,1886826.0,1,TRUE
Myron Gaines,Influencer,1,0,0,0,0,1,0,0,0,1886794.0,2,FALSE
Glenny Balls,Influencer,0,0,0,0,0,0,0,0,1,1885385.0,1,FALSE
Dominik Mysterio,Athlete,0,0,0,1,0,0,0,0,0,1881198.0,1,FALSE
John Fetterman,Politician,0,0,0,0,0,0,1,0,0,1878791.0,1,FALSE
Peter Thiel,Other,0,0,0,0,0,0,1,0,0,1878635.0,1,FALSE
Matthew McConaughey,Celebrity,0,0,0,0,1,0,0,0,0,1853494.0,1,FALSE
David Pakman,Political Pundit,0,0,0,0,1,1,0,0,0,1842765.0,2,FALSE
Ivanka Trump,Politician,0,0,0,0,1,0,0,0,0,1840475.0,1,TRUE
Jeremi Suri,Intellectual,0,0,0,0,1,0,0,0,0,1836136.0,1,FALSE
John Lovell,Other,0,0,0,0,0,0,0,1,0,1831505.0,1,FALSE
Kevin Spacey,Celebrity,0,0,0,0,1,0,0,0,0,1829201.0,1,FALSE
Logan Paul,Influencer,0,1,0,0,0,0,0,0,0,1828937.0,1,FALSE
Bradley Martyn,Influencer,1,0,1,0,0,0,0,0,0,1819385.0,2,FALSE
Big Jay Oakerson,Comedian,0,0,0,0,0,0,1,0,0,1796322.0,1,FALSE
Billy McFarland,Other,0,0,1,0,0,0,0,0,0,1794735.0,1,FALSE
Rainn Wilson,Celebrity,0,0,0,0,0,0,0,0,1,1790288.0,1,FALSE
Woo Wop,Influencer,1,0,0,0,0,0,0,0,0,1787003.0,1,FALSE
Max Tegmark,Intellectual,0,0,0,0,1,1,0,0,0,1786096.0,2,FALSE
Tom Brady,Athlete,0,0,0,0,0,1,0,0,0,1785686.0,1,FALSE
Serhii Plokhy,Intellectual,0,0,0,0,1,0,0,0,0,1776351.0,1,FALSE
Louis Theroux,Celebrity,0,0,0,0,0,0,0,0,1,1760558.0,1,FALSE
Ed Sheeran,Celebrity,0,0,0,0,0,0,0,0,1,1753621.0,1,FALSE
Freeway Rick Ross,Other,0,0,0,0,0,0,1,0,0,1752868.0,1,FALSE
Chris Voss,Other,0,0,0,0,1,0,0,0,0,1735020.0,1,FALSE
Lee Cronin,Intellectual,0,0,0,0,1,0,0,0,0,1732888.0,1,FALSE
Dave Attell,Comedian,0,0,0,0,0,0,1,0,0,1731850.0,1,FALSE
Ian Fidance,Celebrity,0,0,0,0,0,0,1,0,0,1731850.0,1,FALSE
Pete Hegseth,Politician,0,0,0,0,0,1,0,1,0,1726402.0,2,FALSE
Kyle Morgan,Other,0,0,0,0,0,0,0,1,0,1724770.0,1,FALSE
Col. Douglas Macgregor,Other,0,0,0,0,0,1,0,0,0,1711616.0,1,FALSE
Nick Bryant,Other,0,0,0,0,0,0,0,1,0,1709674.0,1,FALSE
Robert Epstein,Intellectual,0,0,0,0,0,0,1,0,0,1707280.0,1,FALSE
Mike Vecchione,Comedian,0,0,0,0,0,0,1,0,1,1703662.0,2,FALSE
Michael Shellenberger,Political Pundit,0,0,0,0,0,0,1,1,0,1701037.0,2,FALSE
Marques Brownlee,Influencer,0,1,0,0,0,0,0,0,0,1679959.0,1,FALSE
Dwayne Johnson,Celebrity,0,0,0,0,0,1,1,0,0,1667206.0,2,FALSE
Toby Savoy,Other,0,0,0,0,0,0,0,0,1,1657757.0,1,FALSE
Guido van Rossum,Intellectual,0,0,0,0,1,0,0,0,0,1652000.0,1,FALSE
Casey Means,Intellectual,0,0,0,0,0,0,1,0,0,1651038.0,1,TRUE
Calley Means,Other,0,0,0,0,0,0,1,0,0,1651038.0,1,FALSE
Michael Saylor,Other,0,0,0,0,0,1,0,0,0,1647416.0,1,FALSE
Khamzat,Athlete,0,0,1,0,0,0,0,0,0,1645498.0,1,FALSE
Colby Covington,Athlete,0,0,1,0,0,1,0,0,0,1637553.0,2,FALSE
Adam Copeland,Athlete,0,0,0,1,0,0,0,0,0,1637119.0,1,FALSE
Will Sasso,Comedian,0,0,0,0,0,0,0,0,1,1631415.0,1,FALSE
Olivia Dunne,Influencer,0,0,1,0,0,0,0,0,0,1625742.0,1,TRUE
Tim Urban,Other,0,0,0,0,1,0,0,0,0,1625358.0,1,FALSE
Nikki Glaser,Comedian,0,0,0,0,0,0,0,0,1,1621189.0,1,TRUE
Adam Ray,Comedian,0,0,0,0,0,0,1,0,0,1620451.0,1,FALSE
Tommy Lee,Celebrity,0,0,0,0,0,0,0,0,1,1619630.0,1,FALSE
Christopher Dunn,Other,0,0,0,0,0,0,1,0,0,1612854.0,1,FALSE
"John ""Shrek"" McPhee",Other,0,0,0,0,0,0,0,1,0,1610887.0,1,FALSE
Sean Webb,Other,0,0,0,0,0,0,0,1,0,1599079.0,1,FALSE
Marc Andreessen,Other,0,0,0,0,1,0,1,0,0,1590909.0,2,FALSE
Walter Isaacson,Intellectual,0,0,0,0,1,0,0,0,0,1588539.0,1,FALSE
Tyler Vargas-Andrews,Other,0,0,0,0,0,0,0,1,0,1580364.0,1,FALSE
George Hotz,Other,0,0,0,0,1,0,0,0,0,1577014.0,1,FALSE
Brother Rachid,Political Pundit,0,0,0,0,0,1,0,0,0,1575727.0,1,FALSE
Daniel Haqiqatjou,Political Pundit,0,0,0,0,0,1,0,0,0,1575727.0,1,FALSE
Jake Brancatella,Other,0,0,0,0,0,1,0,0,0,1575727.0,1,FALSE
Robert Spencer,Political Pundit,0,0,0,0,0,1,0,0,0,1575727.0,1,FALSE
Tim Burchett,Politician,0,0,0,0,0,0,0,1,0,1575552.0,1,FALSE
Sebastian Maniscalco,Comedian,0,1,0,0,0,0,1,0,0,1573721.0,2,FALSE
Seth Rollins,Athlete,0,0,0,1,0,0,0,0,0,1571241.0,1,FALSE
905 Shooter,Influencer,0,0,1,0,0,0,0,0,0,1559184.0,1,FALSE
Bishop Mar Mari Emmanuel,Other,0,0,0,0,0,1,0,0,0,1558371.0,1,FALSE
Nina Agdal,Other,0,0,0,1,0,0,0,0,0,1557544.0,1,TRUE
Matt Rife,Comedian,0,0,0,0,0,0,1,0,0,1544833.0,1,FALSE
Aella,Other,0,0,0,0,1,0,0,0,0,1539445.0,1,FALSE
Rob Dyrdek,Celebrity,0,0,0,1,0,0,0,0,0,1537855.0,1,FALSE
Evan Hafer,Other,0,0,0,0,0,0,1,0,0,1537673.0,1,FALSE
Dan Bilzerian,Influencer,0,0,0,0,0,1,0,0,0,1531808.0,1,FALSE
Michael Rubin,Other,0,0,1,0,0,0,0,0,0,1527911.0,1,FALSE
Benjamin Netanyahu,Politician,0,0,0,0,1,0,0,0,0,1515088.0,1,FALSE
Tara Swart,Intellectual,0,0,0,0,0,0,0,0,1,1512301.0,1,TRUE
FlightReacts,Influencer,1,0,0,0,0,0,0,0,0,1508596.0,1,FALSE
Sam Harris,Intellectual,0,0,0,0,1,0,0,0,0,1503563.0,1,FALSE
Nick Kyrgios,Athlete,0,0,0,1,0,0,0,0,1,1503389.0,2,FALSE
Tyler Grey,Celebrity,0,0,0,0,0,0,0,1,0,1502597.0,1,FALSE
Paul Stamets,Intellectual,0,0,0,0,0,0,1,0,0,1494439.0,1,FALSE
Jessie Murph,Celebrity,0,0,0,0,0,0,0,0,1,1493344.0,1,TRUE
Wiz Khalifa,Celebrity,0,0,0,1,0,0,0,0,0,1487134.0,1,FALSE
Brandon Fugal,Other,0,0,0,0,0,0,0,1,0,1485610.0,1,FALSE
Luis J. Gomez,Comedian,0,0,0,0,0,0,1,0,0,1470275.0,1,FALSE
Neal Brennan,Comedian,0,1,0,0,0,0,1,0,0,1464645.0,2,FALSE
Father Dan Reehil,Other,0,0,0,0,0,0,0,1,0,1463895.0,1,FALSE
Zack Snyder,Celebrity,0,0,0,0,0,0,1,0,0,1460997.0,1,FALSE
LazarBeam,Influencer,0,0,0,1,0,0,0,0,0,1460814.0,1,FALSE
FaZe clan,Influencer,0,0,1,0,0,0,0,0,0,1457063.0,1,FALSE
Max Holloway,Athlete,0,1,0,0,0,0,0,0,0,1455351.0,1,FALSE
Bryce Case Jr.,Celebrity,0,0,0,0,0,0,0,1,0,1449775.0,1,FALSE
Mitch Candiano,Other,0,0,0,0,0,0,0,0,1,1434545.0,1,FALSE
Kurt Metzger,Comedian,0,0,0,0,0,0,1,0,0,1432700.0,1,FALSE
Brian Simpson,Comedian,0,1,0,0,0,0,1,0,0,1418936.0,2,FALSE
Sara Walker,Intellectual,0,0,0,0,1,0,1,0,0,1409328.0,2,TRUE
Cenk Uygur,Political Pundit,0,0,0,0,1,1,0,0,0,1408907.0,2,FALSE
Machine Gun Kelly,Celebrity,1,0,0,1,0,0,0,0,0,1404987.0,2,FALSE
Bart Sibrel,Other,0,0,0,0,0,0,1,0,0,1403718.0,1,FALSE
DDG,Influencer,1,0,0,0,0,0,0,0,0,1403233.0,1,FALSE
Dennis Quaid,Celebrity,0,0,0,0,0,1,1,0,0,1401997.0,2,FALSE
Alina Habba,Other,0,0,0,0,0,1,0,0,0,1399402.0,1,TRUE
Nicky Ryan,Athlete,0,0,0,0,1,0,0,0,0,1399194.0,1,FALSE
Nicky Rod,Athlete,0,0,0,0,1,0,0,0,0,1399194.0,1,FALSE
Luke Combs,Celebrity,0,0,0,0,0,0,1,0,1,1399103.0,2,FALSE
Andres Valencia,Other,0,0,0,1,0,0,0,0,0,1391375.0,1,FALSE
YG,Celebrity,0,0,0,0,0,0,0,0,1,1388297.0,1,FALSE
Anthony Jeselnik,Comedian,0,0,0,0,0,0,0,0,1,1374835.0,1,FALSE
Liver King,Influencer,0,1,0,0,0,1,0,0,0,1359164.0,2,FALSE
Ari Matti Mustonen,Comedian,0,0,0,0,0,0,1,0,0,1347982.0,1,FALSE
Ed Calderon,Other,0,0,0,0,1,0,0,0,0,1346518.0,1,FALSE
Austin Reaves,Athlete,0,0,1,0,0,0,0,0,0,1335284.0,1,FALSE
Gary Brecka,Intellectual,0,0,1,0,0,0,1,0,0,1334619.0,2,FALSE
Billy Strings,Celebrity,0,0,0,0,0,0,0,0,1,1329343.0,1,FALSE
Mark Lamb,Politician,0,0,0,0,0,0,0,1,0,1327424.0,1,FALSE
Francis Suarez,Politician,0,0,1,0,0,1,0,0,0,1326883.0,2,FALSE
John B. Allen,Influencer,0,0,0,0,0,0,0,1,0,1324995.0,1,FALSE
Lainey Wilson,Celebrity,0,0,0,0,0,0,0,0,1,1320541.0,1,TRUE
JJ Redick,Athlete,0,1,0,0,0,0,0,0,0,1303256.0,1,FALSE
Dario Amodei,Other,0,0,0,0,1,0,0,0,0,1302038.0,1,FALSE
Blou,Influencer,1,0,0,0,0,0,0,0,0,1301446.0,1,FALSE
Brad Geary,Other,0,0,0,0,0,0,0,1,0,1296943.0,1,FALSE
Dave Rubin,Political Pundit,0,0,0,0,0,1,0,0,0,1291167.0,1,FALSE
Matthew Cox,Other,0,0,0,0,1,0,0,0,0,1289533.0,1,FALSE
Dana Carvey,Comedian,0,0,0,0,0,0,0,0,1,1264677.0,1,FALSE
Rob Gronkowski,Athlete,0,0,1,0,0,0,0,0,0,1256607.0,1,FALSE
Lil Tjay,Celebrity,0,0,1,0,0,0,0,0,0,1252014.0,1,FALSE
David Blaine,Celebrity,0,0,0,1,0,0,1,0,0,1251848.0,2,FALSE
Will Smith,Celebrity,0,0,1,0,0,0,0,0,0,1235157.0,1,FALSE
John Summit,Celebrity,0,0,1,0,0,0,0,0,0,1224801.0,1,FALSE
Harland Williams,Celebrity,0,0,0,0,0,0,1,0,0,1219161.0,1,FALSE
Norman Ohler,Intellectual,0,0,0,0,0,0,1,0,0,1208500.0,1,FALSE
Nick Fuentes,Political Pundit,1,0,0,0,0,0,0,0,0,1202677.0,1,FALSE
PuchMadeDev,Celebrity,1,0,0,0,0,0,0,0,0,1196626.0,1,FALSE
Kevin Smith,Celebrity,0,0,0,0,0,0,0,0,1,1192042.0,1,FALSE
Whitney Cummings,Comedian,0,1,0,0,0,0,1,0,0,1191383.0,2,TRUE
Chris Harris,Other,0,0,0,0,0,0,1,0,0,1189490.0,1,FALSE
Neil Gershenfeld,Intellectual,0,0,0,0,1,0,0,0,0,1187550.0,1,FALSE
YourRAGE,Influencer,1,0,0,0,0,0,0,0,0,1169057.0,1,FALSE
Rick Spence,Intellectual,0,0,0,0,1,0,0,0,0,1168608.0,1,FALSE
Tim Gallaudet,Other,0,0,0,0,0,0,0,1,0,1168421.0,1,FALSE
Bjorn Lomborg,Intellectual,0,0,0,0,1,1,1,0,0,1167034.0,3,FALSE
Christopher Rufo,Political Pundit,0,0,0,0,0,0,1,0,0,1161237.0,1,FALSE
Anthony Weiner,Politician,0,0,0,0,0,1,0,0,0,1155053.0,1,FALSE
Lil Dicky,Celebrity,0,1,0,0,0,0,0,0,0,1153376.0,1,FALSE
Brian Redban,Comedian,0,0,0,0,0,0,1,0,0,1145690.0,1,FALSE
Dame Dash,Celebrity,0,0,0,0,0,1,0,0,0,1144055.0,1,FALSE
David Goggins,Other,0,0,0,0,0,0,1,0,0,1138209.0,1,FALSE
Patrick Mahomes,Athlete,0,0,0,1,0,0,0,0,0,1134649.0,1,FALSE
Joe Gatto,Comedian,0,0,0,0,0,0,0,0,1,1130422.0,1,FALSE
Ahmad Massoud,Politician,0,0,0,0,0,0,0,1,0,1111999.0,1,FALSE
Roger Gracie,Athlete,0,0,0,0,1,0,0,0,0,1110862.0,1,FALSE
Tommy Fury,Athlete,1,0,0,0,0,0,0,0,0,1109612.0,1,FALSE
Avi Loeb,Intellectual,0,0,0,0,0,1,0,1,0,1100788.0,2,FALSE
Neil Howe,Other,0,0,0,0,0,1,0,0,0,1094684.0,1,FALSE
Yann Lecun,Intellectual,0,0,0,0,1,0,0,0,0,1092187.0,1,FALSE
Rizwan Virk,Other,0,0,0,0,0,0,1,0,0,1084230.0,1,FALSE
Kevin O'Leary,Celebrity,0,0,1,0,0,0,0,0,0,1079571.0,1,FALSE
ShxtsnGigs,Influencer,0,1,0,0,0,0,0,0,0,1078218.0,1,FALSE
Robert Playter,Other,0,0,0,0,1,0,0,0,0,1074835.0,1,FALSE
Neri Oxman,Intellectual,0,0,0,0,1,0,0,0,0,1058490.0,1,TRUE
Lara Trump,Politician,0,0,0,0,0,1,0,0,0,1055741.0,1,TRUE
Dom Raso,Other,0,0,0,0,0,0,0,1,0,1055678.0,1,FALSE
Fanum,Influencer,1,0,0,0,0,0,0,0,0,1055376.0,1,FALSE
Sommer Ray,Influencer,1,0,0,0,0,0,0,0,0,1055376.0,1,TRUE
James Lindsay,Intellectual,0,0,0,0,0,0,1,0,0,1049031.0,1,FALSE
Melissa Ansel,Other,0,0,0,0,0,0,0,0,1,1046837.0,1,TRUE
Triple H,Athlete,0,0,0,1,0,0,0,0,0,1045062.0,1,FALSE
Eli Crane,Politician,0,0,0,0,0,0,0,1,0,1037702.0,1,FALSE
Victor Marx,Other,0,0,0,0,0,0,0,1,0,1034707.0,1,FALSE
Logic,Celebrity,0,0,0,0,0,0,0,0,1,1034662.0,1,FALSE
Zias,Influencer,1,0,0,0,0,0,0,0,0,1030852.0,1,FALSE
Vejas Liulevicius,Intellectual,0,0,0,0,1,0,0,0,0,1030799.0,1,FALSE
Nick Swardson,Comedian,0,0,0,0,0,0,0,0,1,1022213.0,1,FALSE
Noel Miller,Comedian,0,1,0,0,0,0,0,0,0,1020161.0,1,FALSE
Adrienne Iapalucci,Comedian,0,0,0,0,0,0,1,0,0,1010411.0,1,TRUE
Ja Morant,Athlete,0,1,0,0,0,0,0,0,0,1008467.0,1,FALSE
Coleman Hughes,Political Pundit,0,0,0,0,0,0,1,0,0,1007665.0,1,FALSE
Betül Kaçar,Intellectual,0,0,0,0,1,0,0,0,0,1004240.0,1,FALSE
Tim Welch,Athlete,0,0,1,0,0,0,0,0,0,1004057.0,1,FALSE
Andrew Revkin,Intellectual,0,0,0,0,1,0,0,0,0,1003074.0,1,FALSE
Bryan Callen,Comedian,0,0,0,0,0,1,1,0,0,1001051.0,2,FALSE
Rick Ross,Celebrity,1,0,0,1,0,0,0,0,0,995871.0,2,FALSE
Dustin Poirier,Athlete,0,0,0,0,0,0,0,0,1,995301.0,1,FALSE
Prime Hall,Other,0,0,0,0,0,0,0,1,0,992460.0,1,FALSE
Gabor Mate,Intellectual,0,0,0,0,0,0,0,0,1,990026.0,1,FALSE
Michelle Dowd,Intellectual,0,0,0,0,0,0,1,0,0,987221.0,1,TRUE
Trevor Bauer,Athlete,0,0,0,0,0,1,0,0,1,986045.0,2,FALSE
Kehlani Ashley Parrish,Celebrity,0,0,0,1,0,0,0,0,0,983370.0,1,TRUE
Mark Calaway,Athlete,0,0,0,1,0,0,0,0,0,979550.0,1,FALSE
Sadhguru,Other,0,0,0,0,0,0,0,0,1,962739.0,1,FALSE
Whitney Webb,Other,0,0,0,0,0,1,0,0,0,962232.0,1,TRUE
Tom Spooner,Other,0,0,0,0,0,0,0,1,0,950336.0,1,FALSE
Sara Maughan,Influencer,0,0,0,1,0,0,0,0,0,940822.0,1,TRUE
BigXthaPlug,Celebrity,0,0,0,0,0,0,0,0,1,937538.0,1,FALSE
Kat Timpf,Political Pundit,0,0,0,0,0,0,1,0,0,933116.0,1,TRUE
Kix Brooks,Celebrity,0,0,0,0,0,0,0,0,1,932840.0,1,FALSE
Ronnie Dunn,Celebrity,0,0,0,0,0,0,0,0,1,932840.0,1,FALSE
Katie Jean Williams,Other,0,0,0,0,0,0,0,1,0,931677.0,1,TRUE
Judge Joe Brown,Celebrity,0,0,0,0,0,1,0,0,0,928626.0,1,FALSE
David Grusch,Other,0,0,0,0,0,0,1,0,0,927862.0,1,FALSE
Cheesur,Influencer,1,0,0,0,0,0,0,0,0,925027.0,1,FALSE
Steven Crowder,Political Pundit,0,0,0,0,0,1,0,0,0,923167.0,1,FALSE
Akaash Singh,Comedian,0,0,0,0,0,0,1,0,0,920587.0,1,FALSE
Charan Ranganath,Intellectual,0,0,0,0,1,0,0,0,0,920388.0,1,FALSE
Aljamain Sterling,Athlete,1,1,0,0,0,0,0,0,0,918652.0,2,FALSE
Pauly Shore,Comedian,0,0,0,0,0,0,1,0,1,910005.0,2,FALSE
Mark Epstein,Other,0,0,0,0,0,1,0,0,0,898146.0,1,FALSE
Chad Daniels,Comedian,0,0,0,0,0,0,1,0,0,896824.0,1,FALSE
Jeff Dye,Comedian,0,0,0,0,0,0,1,0,0,895884.0,1,FALSE
Buck Sexton,Political Pundit,0,0,0,0,0,1,0,1,0,894575.0,2,FALSE
Sam Morril,Comedian,0,0,0,0,0,0,1,0,0,890877.0,1,FALSE
Matteo Lane,Comedian,0,1,0,0,0,0,0,0,0,889346.0,1,FALSE
Legend,Other,0,0,0,0,0,0,0,1,0,883009.0,1,FALSE
Jonathan Haidt,Intellectual,0,0,0,0,0,0,1,0,0,880365.0,1,FALSE
Chris Miller,Politician,0,0,0,0,0,0,0,1,0,879626.0,1,FALSE
Lele Pons,Influencer,0,0,0,1,0,0,0,0,0,862316.0,1,TRUE
Guaynaa,Celebrity,0,0,0,1,0,0,0,0,0,862316.0,1,FALSE
Tana Mongeau,Influencer,0,0,0,1,0,0,0,0,0,862316.0,1,TRUE
John Burke,Other,0,0,0,0,0,0,0,1,0,859048.0,1,FALSE
Gina Carano,Celebrity,0,0,0,0,0,1,0,1,0,857296.0,2,TRUE
Stephen Wolfram,Intellectual,0,0,0,0,1,0,0,0,0,852920.0,1,FALSE
John Alexander,Other,0,0,0,0,0,0,0,1,0,852843.0,1,FALSE
Robert Greene,Other,0,0,0,0,0,0,0,0,1,845666.0,1,FALSE
Gad Saad,Intellectual,0,0,0,0,0,0,1,0,0,841186.0,1,FALSE
Tim Parlatore,Other,0,0,0,0,0,0,0,1,0,840711.0,1,FALSE
Taylor Sheridan,Celebrity,0,0,0,0,0,0,1,0,0,836929.0,1,FALSE
Deion Sanders,Athlete,0,0,1,0,0,0,0,0,0,826795.0,1,FALSE
Colin Quinn,Comedian,0,0,0,0,0,0,1,0,0,819586.0,1,FALSE
David Montague,Other,0,0,0,0,0,1,0,0,0,813417.0,1,FALSE
James DiEugenio,Other,0,0,0,0,0,1,0,0,0,813417.0,1,FALSE
Dr. Paul Gregory,Intellectual,0,0,0,0,0,1,0,0,0,813417.0,1,FALSE
Ray Kurzweil,Intellectual,0,0,0,0,0,0,1,0,0,813233.0,1,FALSE
Cuba Gooding Jr,Celebrity,0,0,0,0,0,1,0,0,0,812185.0,1,FALSE
Ioan Grillo,Intellectual,0,0,0,0,0,0,0,1,0,810719.0,1,FALSE
Michael Yon,Other,0,0,0,0,0,0,0,1,0,806351.0,1,FALSE
Bryan Johnson,Other,0,1,0,0,0,0,0,0,0,795010.0,1,FALSE
Bob Gymlan,Influencer,0,0,0,0,0,0,1,0,0,790207.0,1,FALSE
Steve Friend,Other,0,0,0,0,0,1,0,0,0,785883.0,1,FALSE
Garret O'Boyle,Political Pundit,0,0,0,0,0,1,0,0,0,785883.0,1,FALSE
Sam Tripoli,Comedian,0,0,0,0,0,0,1,0,0,783454.0,1,FALSE
Rubi Rose,Influencer,0,0,0,1,0,0,0,0,0,782692.0,1,TRUE
Tyler Fischer,Influencer,0,0,0,0,0,0,1,0,0,780089.0,1,FALSE
Roman Yampolskiy,Intellectual,0,0,0,0,1,0,0,0,0,777922.0,1,FALSE
Alex Pereira,Athlete,1,0,0,0,0,0,0,0,0,775126.0,1,FALSE
Aravind Srinivas,Other,0,0,0,0,1,0,0,0,0,774243.0,1,FALSE
Dermot Kennedy,Celebrity,0,0,0,0,0,0,0,0,1,772476.0,1,FALSE
Chief Keef,Celebrity,1,0,0,0,0,0,0,0,0,765208.0,1,FALSE
Mohammed El-Kurd,Political Pundit,0,0,0,0,1,0,0,0,0,763960.0,1,FALSE
Donell Rawlings,Celebrity,0,0,0,0,0,0,1,0,0,763918.0,1,FALSE
Gus Parsons,Other,0,0,0,0,0,0,0,0,1,761633.0,1,FALSE
Miranda Lambert,Celebrity,0,0,0,0,0,0,0,0,1,757689.0,1,TRUE
Jeremie Harris,Other,0,0,0,0,0,0,1,0,0,755904.0,1,FALSE
Edouard Harris,Intellectual,0,0,0,0,0,0,1,0,0,755904.0,1,FALSE
Don Lemon,Political Pundit,0,0,1,0,0,0,0,0,0,748280.0,1,FALSE
Tim Fletcher,Influencer,0,0,0,0,0,0,0,0,1,747601.0,1,FALSE
David Guetta,Celebrity,0,0,0,1,0,0,0,0,0,743990.0,1,FALSE
Sheriff Grady Judd,Politician,0,0,0,0,0,1,0,0,0,742456.0,1,FALSE
Wayne Gretzky,Athlete,0,0,0,0,0,0,0,0,1,736505.0,1,FALSE
Josh Dubin,Other,0,0,0,0,0,0,1,0,0,733782.0,1,FALSE
Kash Patel,Politician,0,0,0,0,0,0,0,1,0,731905.0,1,FALSE
Diane K Boyd,Intellectual,0,0,0,0,0,0,1,0,0,731813.0,1,TRUE
Tim Dodd,Influencer,0,0,0,0,1,0,0,0,0,730278.0,1,FALSE
Joscha Bach,Intellectual,0,0,0,0,1,0,0,0,0,727657.0,1,FALSE
Sofia Franklyn,Influencer,0,0,0,1,0,0,0,0,0,727411.0,1,TRUE
Michael Wilson Hardy,Celebrity,0,0,0,0,0,0,0,0,1,727042.0,1,FALSE
Peter Zeihan,Political Pundit,0,0,0,0,0,0,1,0,0,726963.0,1,FALSE
Jack Carr,Other,0,0,0,0,0,0,1,0,0,719651.0,1,FALSE
Douglas Murray,Political Pundit,0,0,0,0,0,1,0,0,0,713097.0,1,FALSE
Charlie Keebaugh,Politician,0,0,0,0,0,0,0,1,0,704867.0,1,FALSE
Jonathan Howard,Other,0,0,0,0,0,0,0,1,0,704867.0,1,FALSE
Jesse Watters,Political Pundit,0,0,0,0,0,1,0,0,0,701480.0,1,FALSE
Dennis Prager,Political Pundit,0,0,0,0,0,1,0,0,0,699708.0,1,FALSE
Greg Lukianoff,Other,0,0,0,0,1,0,0,0,0,697371.0,1,FALSE
Danny Philippou,Celebrity,0,0,0,1,0,0,1,0,0,696160.0,2,FALSE
Michael Philippou,Celebrity,0,0,0,1,0,0,1,0,0,696160.0,2,FALSE
Island Boys,Influencer,1,0,0,0,0,0,0,0,0,694933.0,1,FALSE
Cliff Sims,Politician,0,0,0,0,0,0,0,1,0,693772.0,1,FALSE
Reza Pahlavi,Politician,0,0,0,0,0,1,0,0,0,693376.0,1,FALSE
Ana Kasparian,Political Pundit,0,0,0,0,0,1,0,0,0,691735.0,1,TRUE
BruceDropEmOff,Influencer,1,0,0,0,0,0,0,0,0,689745.0,1,FALSE
Chad Robichaux,Other,0,0,0,0,0,0,0,1,0,686636.0,1,FALSE
Thomas Rousseau,Political Pundit,0,0,0,0,0,1,0,0,0,685636.0,1,FALSE
Spencer Taylor,Influencer,0,0,0,1,0,0,0,0,0,677799.0,1,FALSE
Rooster Roy Wood Jr.,Comedian,0,1,0,0,0,0,0,0,0,670011.0,1,FALSE
Sam Tallent,Comedian,0,0,0,0,0,0,1,0,0,669785.0,1,FALSE
Breckie Hill,Influencer,1,0,0,0,0,0,0,0,0,669180.0,1,TRUE
Matt Sapaula,Other,0,0,0,0,0,1,0,0,0,665843.0,1,FALSE
Max Lugavere,Other,0,0,0,0,0,0,1,0,0,664378.0,1,FALSE
Manolis Kellis,Intellectual,0,0,0,0,1,0,0,0,0,659264.0,1,FALSE
Tina Glandian,Other,0,0,0,0,0,1,0,0,0,656581.0,1,TRUE
Michael Flynn,Politician,0,0,0,0,0,1,0,0,0,651517.0,1,FALSE
Eric Trump,Politician,0,0,0,0,0,1,0,0,0,646511.0,1,FALSE
Ryan Hendrickson,Other,0,0,0,0,0,0,0,1,0,643535.0,1,FALSE
Lunden Roberts,Other,0,0,0,0,0,1,0,0,0,639055.0,1,TRUE
K-Von,Comedian,0,0,0,0,0,1,0,0,0,636766.0,1,FALSE
Anna Frebel,Intellectual,0,0,0,0,1,0,0,0,0,630805.0,1,FALSE
Adam Rowe,Comedian,0,1,0,0,0,0,0,0,0,627278.0,1,FALSE
David Holthouse,Celebrity,0,0,0,0,0,0,1,0,0,620926.0,1,FALSE
Shane Smith,Other,0,0,0,0,0,0,1,0,0,620114.0,1,FALSE
Edwin C. May,Other,0,0,0,0,0,0,0,1,0,616044.0,1,FALSE
Bruce Buffer,Athlete,0,0,0,1,0,0,0,0,0,614876.0,1,FALSE
Bear Grylls,Celebrity,0,0,0,1,0,0,0,0,0,614758.0,1,FALSE
Glenn Beck,Political Pundit,0,0,0,0,0,1,0,0,0,611170.0,1,FALSE
Michael Porter Jr.,Athlete,0,0,1,0,0,0,0,0,0,610623.0,1,FALSE
JonZherka,Influencer,1,0,0,0,0,0,0,0,0,608500.0,1,FALSE
Ariel Helwani,Other,0,1,0,0,0,0,0,0,0,605956.0,1,FALSE
Leon Edwards,Athlete,0,1,0,0,0,0,0,0,0,605956.0,1,FALSE
David Tice,Political Pundit,0,0,0,0,0,0,0,1,0,604989.0,1,FALSE
Dr. Aron D’Souza,Other,0,0,0,0,0,0,1,0,0,601979.0,1,FALSE
Christian Angermayer,Other,0,0,0,0,0,0,1,0,0,601979.0,1,FALSE
Sophie Rain,Influencer,1,0,0,0,0,0,0,0,0,600138.0,1,TRUE
Anuel AA,Celebrity,1,0,0,1,0,0,0,0,0,597859.0,2,FALSE
Nicky Jam,Celebrity,0,0,0,1,0,0,0,0,0,596528.0,1,FALSE
Luke Bryan,Celebrity,0,0,0,0,0,0,1,0,0,595654.0,1,FALSE
Luka Hein,Other,0,0,0,0,0,1,0,0,0,593853.0,1,TRUE
Erin Friday,Other,0,0,0,0,0,1,0,0,0,593853.0,1,TRUE
Oli London,Influencer,0,0,0,0,0,1,0,0,0,593853.0,1,FALSE
Brendan O'Neill,Political Pundit,0,0,0,0,0,0,1,0,0,592159.0,1,FALSE
Sean O'Brien,Other,0,0,0,0,0,0,0,0,1,587339.0,1,FALSE
Tal Wilkenfeld,Celebrity,0,0,0,0,1,0,0,0,0,585903.0,1,FALSE
Akon,Celebrity,0,0,0,1,0,0,0,0,0,583535.0,1,FALSE
Will Cain,Political Pundit,0,0,0,0,0,1,0,0,0,583314.0,1,FALSE
Sebastian Junger,Other,0,0,0,0,0,0,1,0,0,577615.0,1,FALSE
Aba,Influencer,0,1,0,0,0,0,0,0,0,566546.0,1,FALSE
Dale Stark,Other,0,0,0,0,0,0,0,1,0,565355.0,1,FALSE
Teddy Atlas,Athlete,0,0,0,0,1,0,0,0,0,561948.0,1,FALSE
Maajid Nawaz,Political Pundit,0,0,0,0,0,1,0,0,0,558842.0,1,FALSE
Luis Chaparro,Other,0,0,0,0,0,0,0,1,0,558228.0,1,FALSE
Brigham Buhler,Other,0,0,0,0,0,0,1,0,0,556262.0,1,FALSE
Jameis Winston,Athlete,0,0,0,0,0,0,0,0,1,555578.0,1,FALSE
Russell Peters,Comedian,0,0,0,0,0,1,0,0,0,555381.0,1,FALSE
Eleanor Kerrigan,Comedian,0,0,0,0,0,0,1,0,0,554157.0,1,TRUE
Alan Graham,Other,0,0,0,0,0,0,1,0,0,553819.0,1,FALSE
Steven Rinella,Celebrity,0,0,0,0,0,0,1,0,0,552053.0,1,FALSE
Mike Benz,Political Pundit,0,0,0,0,0,1,0,1,0,551123.0,2,FALSE
Deric Poston,Celebrity,0,0,0,0,0,0,1,0,0,550774.0,1,FALSE
Eric Goode,Other,0,0,0,0,0,0,1,0,0,549211.0,1,FALSE
Jeremy McBride,Celebrity,0,0,0,0,0,0,1,0,0,549211.0,1,FALSE
Sualeh Asif,Other,0,0,0,0,1,0,0,0,0,547039.0,1,FALSE
Arvid Lunnemark,Other,0,0,0,0,1,0,0,0,0,547039.0,1,FALSE
Aman Sanger,Other,0,0,0,0,1,0,0,0,0,547039.0,1,FALSE
Michael Truell,Other,0,0,0,0,1,0,0,0,0,547039.0,1,FALSE
Stephen Baldwin,Celebrity,0,0,0,0,0,1,0,0,0,546115.0,1,FALSE
Dax Flame,Influencer,0,0,0,1,0,0,0,0,0,543439.0,1,FALSE
Erik Bethel,Politician,0,0,0,0,0,0,0,1,0,540223.0,1,FALSE
Roger Stone,Political Pundit,0,0,0,0,0,1,0,0,0,538966.0,1,FALSE
Bhaskar Sunkara,Political Pundit,0,0,0,0,1,0,0,0,0,538073.0,1,FALSE
Zac Brown,Celebrity,0,0,0,0,0,0,0,0,1,537717.0,1,FALSE
Alexzandra Kekesi,Other,0,0,0,0,0,1,0,0,0,535511.0,1,TRUE
Solomon Friedman,Other,0,0,0,0,0,1,0,0,0,535511.0,1,FALSE
Jen Satterly,Other,0,0,0,0,0,0,0,1,0,534446.0,1,TRUE
Roland Martin,Other,0,0,0,0,0,1,0,0,0,530242.0,1,FALSE
Chris Hansen,Celebrity,0,0,0,1,0,0,0,0,0,528922.0,1,FALSE
HSTikkyTokky,Influencer,1,0,0,0,0,0,0,0,0,524334.0,1,FALSE
Roseanne Barr,Comedian,0,0,0,0,0,1,0,0,0,517794.0,1,TRUE
Ron DeSantis,Politician,0,0,0,0,0,1,0,0,0,516710.0,1,FALSE
Lisa Randall,Intellectual,0,0,0,0,1,0,0,0,0,516686.0,1,TRUE
Michael Rapaport,Celebrity,0,0,0,0,0,1,0,0,0,516025.0,1,FALSE
Lil Duval,Comedian,0,1,0,0,0,0,0,0,0,515044.0,1,FALSE
PamiBaby,Influencer,1,0,0,0,0,0,0,0,0,512741.0,1,TRUE
Kyle Kulinski,Political Pundit,0,0,0,0,0,1,1,0,0,510996.0,2,FALSE
Tom Fitton,Political Pundit,0,0,0,0,0,1,0,0,0,508238.0,1,FALSE
Jimmy Carr,Comedian,0,0,0,0,0,0,1,0,0,508223.0,1,FALSE
Greg Fitzsimmons,Comedian,0,0,0,0,0,0,1,0,0,504784.0,1,FALSE
Bridget Phetasy,Political Pundit,0,0,0,0,0,0,1,0,0,504719.0,1,TRUE
Guillaume Verdon,Intellectual,0,0,0,0,1,0,0,0,0,503868.0,1,FALSE
Jimmy Wales,Other,0,0,0,0,1,0,0,0,0,501778.0,1,FALSE
Kurt Angle,Athlete,0,0,0,0,0,0,1,0,0,492909.0,1,FALSE
James Fox,Other,0,0,0,0,0,0,1,0,0,487917.0,1,FALSE
Larry Elder,Political Pundit,0,0,0,0,0,1,0,0,0,482898.0,1,FALSE
Forrest Galante,Other,0,0,0,0,0,0,1,0,0,482478.0,1,FALSE
Ginni Rometty,Other,0,0,0,0,1,0,0,0,0,482197.0,1,TRUE
ChinaMac,Celebrity,1,0,0,0,0,0,0,0,0,479846.0,1,FALSE
CripMac,Influencer,1,0,0,0,0,0,0,0,0,479846.0,1,FALSE
Scott Mann,Other,0,0,0,0,0,0,0,1,0,478135.0,1,FALSE
Steve Schmidt,Political Pundit,0,0,0,0,0,1,0,0,0,475249.0,1,FALSE
Nick Freitas,Politician,0,0,0,0,0,0,0,1,0,474150.0,1,FALSE
Michael Blaustein,Comedian,0,1,0,0,0,0,0,0,0,472752.0,1,FALSE
Liv Morgan,Athlete,0,0,0,1,0,0,0,0,0,469878.0,1,TRUE
Abbas Amanat,Intellectual,0,0,0,0,1,0,0,0,0,469181.0,1,FALSE
Trainwrecks,Influencer,1,0,0,0,0,0,0,0,0,468725.0,1,FALSE
Marc Raibert,Other,0,0,0,0,1,0,0,0,0,468586.0,1,FALSE
Nathalie Cabrol,Intellectual,0,0,0,0,1,0,0,0,0,464113.0,1,FALSE
Sam Jay,Comedian,0,1,0,0,0,0,0,0,0,458734.0,1,FALSE
Sheck Wes,Celebrity,1,0,0,0,0,0,0,0,0,453220.0,1,FALSE
NLE Choppa,Influencer,1,0,0,0,0,0,0,0,0,453220.0,1,FALSE
Noam Brown,Intellectual,0,0,0,0,1,0,0,0,0,451353.0,1,FALSE
Jedediah Bila,Celebrity,0,0,0,0,0,1,0,0,0,450467.0,1,TRUE
Jack Symes,Intellectual,0,0,0,0,0,0,1,0,0,448459.0,1,FALSE
Sage Steele,Celebrity,0,0,0,0,0,1,0,0,0,447722.0,1,TRUE
Dan Bongino,Political Pundit,0,0,0,0,0,1,0,0,0,447595.0,1,FALSE
Fuerza Regida,Celebrity,1,0,0,0,0,0,0,0,0,446144.0,1,FALSE
FaZe Kaysan,Influencer,1,0,0,0,0,0,0,0,0,442779.0,1,FALSE
Maddox Batson,Celebrity,0,0,0,0,0,0,0,0,1,441576.0,1,FALSE
Sam Seder,Political Pundit,0,0,0,0,0,1,0,0,0,438857.0,1,FALSE
Cameron Hanes,Athlete,0,0,0,0,0,0,1,0,0,426899.0,1,FALSE
Greg Overton,Other,0,0,0,0,0,0,1,0,0,421895.0,1,FALSE
Oliver Tree,Celebrity,0,0,0,1,0,0,0,0,0,420874.0,1,FALSE
Laird Hamilton,Athlete,0,0,0,0,0,0,0,1,0,418018.0,1,FALSE
Sam Golbach,Influencer,0,0,0,0,0,0,1,0,0,412192.0,1,FALSE
Colby Brock,Influencer,0,0,0,0,0,0,1,0,0,412192.0,1,FALSE
Brigitte Gabriel,Political Pundit,0,0,0,0,0,1,0,0,0,411862.0,1,TRUE
Edward Gibson,Intellectual,0,0,0,0,1,0,0,0,0,411473.0,1,FALSE
Remi Warren,Other,0,0,0,0,0,0,1,0,0,408286.0,1,FALSE
Terence Crawford,Athlete,0,0,0,1,0,0,0,0,0,408057.0,1,FALSE
YG Marley,Celebrity,1,0,0,0,0,0,0,0,0,407898.0,1,FALSE
Nate Halverson,Other,0,0,0,0,0,0,0,0,1,406803.0,1,FALSE
Peter Schiff,Other,0,0,0,0,0,1,0,0,0,405478.0,1,FALSE
Kodak Black,Celebrity,1,0,0,0,0,0,0,0,0,403481.0,1,FALSE
Bryce Mitchell,Athlete,0,0,0,0,0,1,0,0,0,399997.0,1,FALSE
Big Scarr,Celebrity,1,0,0,0,0,0,0,0,0,398401.0,1,FALSE
Chris Pavlovski,Other,0,0,0,0,0,1,0,0,0,396655.0,1,FALSE
Jonathan Wilson,Other,0,0,0,0,0,0,0,1,0,393373.0,1,FALSE
Jake Lucky,Influencer,1,0,0,0,0,0,0,0,0,393147.0,1,FALSE
Gary Clark Jr,Celebrity,0,0,0,0,0,0,1,0,0,390635.0,1,FALSE
Oscar De La Hoya,Athlete,0,0,0,0,0,1,0,0,0,387664.0,1,FALSE
Chris Robinson,Celebrity,0,0,0,0,0,0,1,0,0,383846.0,1,FALSE
Jim Jordan,Politician,0,0,0,0,0,1,0,0,0,382208.0,1,FALSE
BLP Kosher,Celebrity,1,0,0,0,0,0,0,0,0,380634.0,1,FALSE
Jim Caviezel,Celebrity,0,0,0,0,0,0,0,1,0,374459.0,1,FALSE
Barry Habib,Other,0,0,0,0,0,1,0,0,0,373609.0,1,FALSE
Andy Stumpf,Other,0,0,0,0,0,1,0,0,0,370290.0,1,FALSE
NoLimitJay,Celebrity,1,0,0,0,0,0,0,0,0,365281.0,1,FALSE
Mias,Influencer,1,0,0,0,0,0,0,0,0,365281.0,1,FALSE
Christina Bobb,Political Pundit,0,0,0,0,0,1,0,0,0,365262.0,1,TRUE
Sebastian Gorka,Politician,0,0,0,0,0,1,0,0,0,363086.0,1,FALSE
Bill O'Reilly,Political Pundit,0,0,0,0,0,1,0,0,0,362430.0,1,FALSE
Simone Giertz,Influencer,0,0,0,0,1,0,0,0,0,359092.0,1,FALSE
Jeremy Boreing,Political Pundit,0,0,0,0,0,1,0,0,0,357316.0,1,FALSE
Paulo Figueiredo,Politician,0,0,0,0,0,1,0,0,0,356326.0,1,FALSE
Randall Kennedy,Intellectual,0,0,0,0,1,0,0,0,0,354704.0,1,FALSE
Lucki,Celebrity,1,0,0,0,0,0,0,0,0,349664.0,1,FALSE
Red Clay Strays,Celebrity,0,0,0,0,0,0,0,0,1,349117.0,1,FALSE
Joe Rogan,Comedian,1,0,0,0,0,0,0,0,0,348042.0,1,FALSE
Glenn Greenwald,Political Pundit,0,0,0,0,0,1,0,0,0,347770.0,1,FALSE
Deadmau5,Celebrity,0,0,0,0,0,0,0,1,0,347334.0,1,FALSE
MegNutt,Influencer,1,0,0,0,0,0,0,0,0,345570.0,1,TRUE
Kari Lake,Politician,0,0,0,0,0,1,0,0,0,345535.0,1,TRUE
Rudy Giuliani,Politician,0,0,0,0,0,1,0,0,0,345124.0,1,FALSE
Lauren Chen,Political Pundit,0,0,0,0,0,1,0,0,0,344877.0,1,TRUE
Mark Laita,Influencer,0,0,0,0,0,0,1,0,0,343663.0,1,FALSE
Bill Maher,Political Pundit,0,0,0,0,0,0,1,0,0,342453.0,1,FALSE
Ann Coulter,Political Pundit,0,0,0,0,0,1,0,0,0,339434.0,1,TRUE
Sam Sorbo,Celebrity,0,0,0,0,0,1,0,0,0,336848.0,1,TRUE
Robert Spalding,Other,0,0,0,0,0,0,0,1,0,336031.0,1,FALSE
Kimbal Musk,Other,0,0,0,0,1,0,0,0,0,332693.0,1,FALSE
Raanan Hershberg,Comedian,0,0,0,0,0,0,1,0,0,329836.0,1,FALSE
Jordan Jonas,Celebrity,0,0,0,0,1,0,0,0,0,328088.0,1,FALSE
David McCormick,Politician,0,0,0,0,0,0,0,1,0,323641.0,1,FALSE
Peter Navarro,Politician,0,0,0,0,0,1,0,0,0,321506.0,1,FALSE
Michio Kaku,Intellectual,0,0,0,0,0,0,1,0,0,321092.0,1,FALSE
Malcolm Gladwell,Intellectual,0,0,0,0,0,0,0,0,1,313420.0,1,FALSE
Matan Even,Influencer,1,0,0,0,0,0,0,0,0,313167.0,1,FALSE
Gervonta Davis,Athlete,1,0,0,0,0,0,0,0,0,312418.0,1,FALSE
Bubba Sparxxx,Celebrity,0,0,0,0,0,0,0,0,1,294855.0,1,FALSE
John Reeves,Other,0,0,0,0,0,0,1,0,0,292945.0,1,FALSE
Bob Woodson,Political Pundit,0,0,0,0,0,1,0,0,0,291630.0,1,FALSE
Dr. Michael Bagnell,Intellectual,0,0,0,0,0,0,0,1,0,290460.0,1,FALSE
Chrisean Rock,Celebrity,1,0,0,0,0,0,0,0,0,289924.0,1,TRUE
blueface,Celebrity,1,0,0,0,0,0,0,0,0,289924.0,1,FALSE
Prince Royce,Celebrity,0,0,0,1,0,0,0,0,0,285203.0,1,FALSE
Roland Fryer,Intellectual,0,0,0,0,0,1,0,0,0,284035.0,1,FALSE
Kevin McCarthy,Politician,0,0,0,0,0,1,0,0,0,283677.0,1,FALSE
Bedros Keuilian,Other,0,0,0,0,0,0,0,1,0,279484.0,1,FALSE
George Gammon,Other,0,0,0,0,0,1,0,0,0,276767.0,1,FALSE
Ran Neuner,Other,0,0,0,0,0,1,0,0,0,276767.0,1,FALSE
Angela Ford,Other,0,0,0,0,0,0,0,1,0,276122.0,1,TRUE
Trippie Redd,Celebrity,1,0,0,0,0,0,0,0,0,276026.0,1,FALSE
Crown Prince Reza Pahlavi,Politician,0,0,0,0,0,1,0,0,0,274198.0,1,FALSE
Palmer Luckey,Other,0,0,0,1,0,0,0,0,0,271067.0,1,FALSE
Tu Lam,Other,0,0,0,0,0,0,0,1,0,267854.0,1,FALSE
Liz Wheeler,Political Pundit,0,0,0,0,0,1,0,0,0,265793.0,1,TRUE
Gabriel Iglesias,Celebrity,0,0,0,0,0,0,1,0,0,264022.0,1,FALSE
John David Abramson,Intellectual,0,0,0,0,0,1,0,0,0,262693.0,1,FALSE
James Blake,Celebrity,0,0,0,0,0,0,0,0,1,261115.0,1,FALSE
Harri Hursti,Other,0,0,0,0,0,1,0,0,0,260627.0,1,FALSE
Stephen C Meyer,Other,0,0,0,0,0,0,1,0,0,259076.0,1,FALSE
Celeste Barber,Comedian,0,0,0,0,0,0,0,0,1,257346.0,1,TRUE
John A. Gentry,Other,0,0,0,0,0,0,0,1,0,257314.0,1,FALSE
Victoria Spartz,Politician,0,0,0,0,0,1,0,0,0,256317.0,1,TRUE
Shawn Baker,Influencer,0,0,0,0,0,0,1,0,0,255821.0,1,FALSE
Mark Turner,Other,0,0,0,0,0,0,0,1,0,255815.0,1,FALSE
Roman Sharf,Influencer,0,0,0,0,0,1,0,0,0,252515.0,1,FALSE
Brianne Dressen,Other,0,0,0,0,0,1,0,0,0,250665.0,1,TRUE
Kyle Warner,Athlete,0,0,0,0,0,1,0,0,0,250665.0,1,FALSE
Ed Dowd,Other,0,0,0,0,0,1,0,0,0,249320.0,1,FALSE
Savannah Sixx,Influencer,1,0,0,0,0,0,0,0,0,248834.0,1,TRUE
Ice Poseidon,Influencer,1,0,0,0,0,0,0,0,0,248834.0,1,FALSE
Pinkydoll,Influencer,1,0,0,0,0,0,0,0,0,245732.0,1,TRUE
Overtime Megan,Influencer,1,0,0,0,0,0,0,0,0,238314.0,1,TRUE
Rob Smith,Political Pundit,0,0,0,0,0,1,0,0,0,237217.0,1,FALSE
4batz,Celebrity,1,0,0,0,0,0,0,0,0,234341.0,1,FALSE
Reza Aslan,Political Pundit,0,0,0,0,0,1,0,0,0,232272.0,1,FALSE
Michael Chandler,Athlete,0,0,0,0,0,0,0,1,0,231790.0,1,FALSE
Andrew Dice Clay,Comedian,0,0,0,0,0,0,1,0,0,231464.0,1,FALSE
Elizabeth Pipko,Politician,0,0,0,0,0,1,0,0,0,231058.0,1,TRUE
DemiSux,Influencer,1,0,0,0,0,0,0,0,0,229165.0,1,TRUE
Aaron Rodgers,Athlete,0,0,0,0,0,0,1,0,0,226544.0,1,FALSE
Eduardo Bolsonaro,Politician,0,0,0,0,0,1,0,0,0,226023.0,1,FALSE
Gustavo Gayer,Politician,0,0,0,0,0,1,0,0,0,226023.0,1,FALSE
Nikolas Ferreira,Politician,0,0,0,0,0,1,0,0,0,226023.0,1,FALSE
Ryan Long,Comedian,0,0,0,0,0,0,1,0,0,225410.0,1,FALSE
M.I.A.,Celebrity,0,0,0,0,0,1,0,0,0,224740.0,1,TRUE
FaZe Rain,Influencer,1,0,0,0,0,0,0,0,0,224352.0,1,FALSE
Tiffany Justice,Political Pundit,0,0,0,0,0,1,0,0,0,221963.0,1,FALSE
Eddie Hearn,Athlete,0,0,0,0,0,1,0,0,0,220320.0,1,FALSE
John Crist,Comedian,0,0,0,0,0,0,0,1,0,217934.0,1,FALSE
Nav,Celebrity,1,0,0,0,0,0,0,0,0,213749.0,1,FALSE
Samantha Martin,Other,0,0,0,0,0,0,0,0,1,206880.0,1,TRUE
Naomi Ross,Influencer,1,0,0,0,0,0,0,0,0,206164.0,1,TRUE
Zach Bryan,Celebrity,0,0,0,0,0,0,1,0,0,205259.0,1,FALSE
Rabbi David Wolpe,Other,0,0,0,0,0,0,0,0,1,204963.0,1,FALSE
Erika Thompson,Other,0,0,0,0,0,0,1,0,0,201261.0,1,TRUE
Dinesh D'Souza,Political Pundit,0,0,0,0,0,1,0,0,0,196420.0,1,FALSE
Douglas Carswell,Politician,0,0,0,0,0,1,0,0,0,195450.0,1,FALSE
Frank Rodriguez,Athlete,0,0,0,0,0,1,0,0,0,195077.0,1,FALSE
Chris Williamson,Influencer,0,0,0,0,0,0,1,0,0,193571.0,1,FALSE
Kai Lode,Other,0,0,0,0,0,1,0,0,0,191846.0,1,FALSE
Sonny Side,Influencer,0,0,0,0,0,0,1,0,0,186786.0,1,FALSE
Benjamin Brafman,Other,0,0,0,0,0,1,0,0,0,185538.0,1,FALSE
Brian Krassenstein,Influencer,0,0,0,0,0,1,0,0,0,184824.0,1,FALSE
Ed Krassenstein,Influencer,0,0,0,0,0,1,0,0,0,184824.0,1,FALSE
Dr. Ryan Martin,Intellectual,0,0,0,0,0,0,0,0,1,184808.0,1,FALSE
Allen West,Politician,0,0,0,0,0,1,0,0,0,184667.0,1,FALSE
Nick DiGiovanni,Influencer,0,0,0,1,0,0,0,0,0,183314.0,1,FALSE
Jeffrey Toobin,Political Pundit,0,0,0,0,0,1,0,0,0,180376.0,1,FALSE
Robert Turkewitz,Influencer,0,0,0,0,0,1,0,0,0,178382.0,1,FALSE
Jazzy,Influencer,0,0,0,1,0,0,0,0,0,176918.0,1,TRUE
Rick Doblin,Intellectual,0,0,0,0,0,0,1,1,0,175536.0,2,FALSE
Harvey Silverglate,Other,0,0,0,0,1,0,0,0,0,171649.0,1,FALSE
Jim Breuer,Comedian,0,0,0,0,0,0,1,0,0,171295.0,1,FALSE
Sauce Gardner,Athlete,1,0,0,0,0,0,0,0,0,169351.0,1,FALSE
Graham Stephan,Influencer,0,0,0,0,0,1,0,0,0,168665.0,1,FALSE
Diana Walsh Pasulka,Intellectual,0,0,0,0,0,0,1,0,0,166810.0,1,TRUE
Kevin Sorbo,Celebrity,0,0,0,0,0,1,0,0,0,162445.0,1,FALSE
Jon Bernthal,Celebrity,0,0,0,0,0,0,1,0,0,162176.0,1,FALSE
Terrell Eldorado Owens,Athlete,0,0,0,0,0,1,0,0,0,159084.0,1,FALSE
Nouriel Roubini,Intellectual,0,0,0,0,0,1,0,0,0,156100.0,1,FALSE
Jayoma The Lawyer,Other,1,0,0,0,0,0,0,0,0,155171.0,1,FALSE
Tory Lanez,Celebrity,1,0,0,0,0,0,0,0,0,153264.0,1,FALSE
Tom Green,Comedian,0,0,0,0,0,0,1,0,0,145073.0,1,FALSE
Nick Kefalides,Other,0,0,0,0,0,0,0,1,0,144202.0,1,FALSE
Lex Fridman,Intellectual,0,0,0,0,0,0,1,0,0,143216.0,1,FALSE
Ali Siddiq,Comedian,0,0,0,0,0,0,1,0,0,142735.0,1,FALSE
Matt Taibbi,Political Pundit,0,0,0,0,0,0,1,0,0,141341.0,1,FALSE
Marian Tupy,Political Pundit,0,0,0,0,0,1,0,0,0,140595.0,1,FALSE
Roger Clemens,Athlete,0,0,0,0,0,1,0,0,0,140422.0,1,FALSE
Wade Plem,Influencer,1,0,0,0,0,0,0,0,0,140128.0,1,FALSE
TFUE,Influencer,1,0,0,0,0,0,0,0,0,137816.0,1,FALSE
Mike Glover,Other,0,0,0,0,0,0,1,0,0,134976.0,1,FALSE
Rob Luna,Other,0,0,0,0,0,0,0,1,0,134449.0,1,FALSE
Brian Keating,Intellectual,0,0,0,0,0,0,1,0,0,133672.0,1,FALSE
Rod Blagojevich,Politician,0,0,0,0,0,1,0,0,0,133606.0,1,FALSE
Krystal Ball,Political Pundit,0,0,0,0,0,0,1,0,0,131100.0,1,TRUE
Rodrigo Constantino,Political Pundit,0,0,0,0,0,1,0,0,0,130303.0,1,FALSE
David Rubenstein,Other,0,0,0,0,0,1,0,0,0,128357.0,1,FALSE
Mariana van Zeller,Celebrity,0,0,0,0,0,0,1,0,0,127416.0,1,TRUE
Sergio Aguero,Athlete,1,0,0,0,0,0,0,0,0,123845.0,1,FALSE
Cuffem,Celebrity,1,0,0,0,0,0,0,0,0,120539.0,1,FALSE
Almighty Jay,Celebrity,1,0,0,0,0,0,0,0,0,116567.0,1,FALSE
Mike Kimmel,Other,0,0,0,0,0,0,1,0,0,113363.0,1,FALSE
Travis Hunter,Athlete,1,0,0,0,0,0,0,0,0,111907.0,1,FALSE
Neil Adams,Athlete,0,0,0,0,1,0,0,0,0,110515.0,1,FALSE
Dale Brisby,Influencer,0,0,0,0,0,0,1,0,0,103378.0,1,FALSE
Elliott West,Intellectual,0,0,0,0,0,0,1,0,0,101516.0,1,FALSE
Aseem Malhotra,Other,0,0,0,0,0,0,1,0,0,100342.0,1,FALSE
Dennis Schroder,Athlete,1,0,0,0,0,0,0,0,0,97389.0,1,FALSE
Ron White,Comedian,0,0,0,0,0,0,1,0,0,95019.0,1,FALSE
Abigail Shrier,Political Pundit,0,0,0,0,0,0,1,0,0,94195.0,1,TRUE
David Chloe,Other,0,0,0,0,0,0,1,0,0,93065.0,1,FALSE
Derek More Plates,Influencer,0,0,0,0,0,0,1,0,0,92043.0,1,FALSE
Steve-O,Comedian,0,0,0,0,0,0,1,0,0,88708.0,1,FALSE
Ms Pat,Comedian,0,0,0,0,0,0,1,0,0,86684.0,1,TRUE
Bas Rutten,Athlete,0,0,0,0,0,1,0,0,0,85200.0,1,FALSE
Dan Flores,Intellectual,0,0,0,0,0,0,1,0,0,79090.0,1,FALSE
Maria Corina Machado,Politician,0,0,0,0,0,1,0,0,0,74810.0,1,TRUE
Ari Fleisher,Politician,0,0,0,0,0,1,0,0,0,73994.0,1,FALSE
Brian Muraresku,Intellectual,0,0,0,0,0,0,1,0,0,69788.0,1,FALSE
Eddie Bravo,Athlete,0,0,0,0,0,0,1,0,0,66593.0,1,FALSE
George Baker,Intellectual,0,0,0,0,0,0,0,1,0,62876.0,1,FALSE
Howie Mandel,Comedian,0,0,0,0,0,0,1,0,0,58238.0,1,FALSE
Oliver Anthony,Celebrity,0,0,0,0,0,0,1,0,0,55867.0,1,FALSE
Jim Norton,Comedian,0,0,0,0,0,0,1,0,0,47909.0,1,FALSE
Will Storr,Other,0,0,0,0,0,0,1,0,0,38070.0,1,FALSE
Adam Greentree,Other,0,0,0,0,0,0,1,0,0,34356.0,1,FALSE
Sheldon Johnson,Other,0,0,0,0,0,0,1,0,0,34244.0,1,FALSE
Peter Attia,Intellectual,0,0,0,0,0,0,1,0,0,33197.0,1,FALSE
Colion Noir,Political Pundit,0,0,0,0,0,0,1,0,0,29513.0,1,FALSE
Billy Walters,Other,0,0,0,0,0,0,1,0,0,28954.0,1,FALSE
Kim Congdon,Comedian,0,0,0,0,0,0,1,0,0,28853.0,1,TRUE
Joe List,Comedian,0,0,0,0,0,0,1,0,0,26949.0,1,FALSE
Danny Brown,Celebrity,0,0,0,0,0,0,1,0,0,22634.0,1,FALSE
Siddarth Kara,Intellectual,0,0,0,0,0,0,1,0,0,21345.0,1,FALSE
Merlin Tuttle,Intellectual,0,0,0,0,0,0,1,0,0,19483.0,1,FALSE
Oliver Stone,Celebrity,0,0,0,0,0,0,1,0,0,18151.0,1,FALSE
Tristan Harris,Intellectual,0,0,0,0,0,0,1,0,0,18064.0,1,FALSE
Aza Raskin,Intellectual,0,0,0,0,0,0,1,0,0,18064.0,1,FALSE
Jeremy Jones,Athlete,0,0,0,0,0,0,1,0,0,17937.0,1,FALSE
Will Harris,Other,0,0,0,0,0,0,1,0,0,16910.0,1,FALSE
James Reed,Celebrity,0,0,0,0,0,0,1,0,0,16130.0,1,FALSE
Fahim Anwar,Comedian,0,0,0,0,0,0,1,0,0,15861.0,1,FALSE
Sara Weinshenk,Celebrity,0,0,0,0,0,0,1,0,0,14167.0,1,TRUE
Jason Everman,Celebrity,0,0,0,0,0,0,1,0,0,13858.0,1,FALSE
Fedor GOrst,Athlete,0,0,0,0,0,0,1,0,0,13794.0,1,FALSE
David Buss,Intellectual,0,0,0,0,0,0,1,0,0,11955.0,1,FALSE
Chad Stahelski,Celebrity,0,0,0,0,0,0,1,0,0,11787.0,1,FALSE
Joel Turner,Other,0,0,0,0,0,0,1,0,0,10874.0,1,FALSE
Steven Pressfield,Other,0,0,0,0,0,0,1,0,0,8766.0,1,FALSE
Yannis Pappas,Comedian,0,0,0,0,0,0,1,0,0,8163.0,1,FALSE
Steven Wright,Comedian,0,0,0,0,0,0,1,0,0,6963.0,1,FALSE
Charles Wesley Godwin,Celebrity,0,0,0,0,0,0,1,0,0,6955.0,1,FALSE
BJ Penn,Athlete,0,0,0,0,0,0,1,0,0,6917.0,1,FALSE
Derek Wolfe,Athlete,0,0,0,0,0,0,1,0,0,6289.0,1,FALSE
Amanda Feilding,Intellectual,0,0,0,0,0,0,1,0,0,5209.0,1,TRUE
Peter Berg,Celebrity,0,0,0,0,0,0,1,0,0,5064.0,1,FALSE
Moshe Kasher,Comedian,0,0,0,0,0,0,1,0,0,5028.0,1,FALSE
Jenni Harris,Other,0,0,0,0,0,0,1,0,0,4993.0,1,TRUE
John Hennessey,Other,0,0,0,0,0,0,1,0,0,4946.0,1,FALSE
B-Real,Celebrity,0,0,0,0,0,0,1,0,0,4791.0,1,FALSE
Josh Henning,Other,0,0,0,0,0,0,1,0,0,4724.0,1,FALSE
Jeremy Gerber,Other,0,0,0,0,0,0,1,0,0,4724.0,1,FALSE
Phil Gerber,Other,0,0,0,0,0,0,1,0,0,4724.0,1,FALSE
Eddie Huang,Celebrity,0,0,0,0,0,0,1,0,0,4089.0,1,FALSE
Reggie Watts,Comedian,0,0,0,0,0,0,1,0,0,3874.0,1,FALSE
Michael Easter,Other,0,0,0,0,0,0,1,0,0,3769.0,1,FALSE
Shane Dorian,Athlete,0,0,0,0,0,0,1,0,0,3674.0,1,FALSE
Cliff Gray,Influencer,0,0,0,0,0,0,1,0,0,2901.0,1,FALSE
Tony Woods,Comedian,0,0,0,0,0,0,1,0,0,2792.0,1,FALSE
Alex Berenson,Political Pundit,0,0,0,0,0,0,1,0,0,2470.0,1,FALSE
Bruce Bryan,Other,0,0,0,0,0,0,1,0,0,2033.0,1,FALSE
Suzanne Santo,Celebrity,0,0,0,0,0,0,1,0,0,1897.0,1,TRUE
Trae Tha Truth,Celebrity,0,0,0,0,0,0,1,0,0,1896.0,1,FALSE
Ehsan Ahmad,Comedian,0,0,0,0,0,0,1,0,0,1825.0,1,FALSE
Steve Strope,Celebrity,0,0,0,0,0,0,1,0,0,1752.0,1,FALSE
Bill Ottman,Other,0,0,0,0,0,0,1,0,0,1288.0,1,FALSE
Mark Greaney,Other,0,0,0,0,0,0,1,0,0,914.0,1,FALSE
Mark Boal,Celebrity,0,0,0,0,0,0,1,0,0,686.0,1,FALSE
Punkie Johnson,Comedian,0,0,0,0,0,0,1,0,0,619.0,1,TRUE
Adam Curry,Celebrity,0,0,0,0,0,0,1,0,0,,1,FALSE
Dr. Debra Soh,Intellectual,0,0,0,0,0,0,1,0,0,,1,TRUE
Killer Mike,Celebrity,0,0,0,0,0,0,1,0,0,,1,FALSE
Russell Brand,Celebrity,0,0,0,0,0,0,1,0,0,,1,FALSE